"生产","入库","移动","VIN","车型","价格","配置","颜色","位置","库龄","点款","虚报","促销","标签","订单","加装"
"-","-","-","LSGZG53LXKS113150","迈锐宝XL",219900,"全新迈锐宝XL 550T 锐智版(B-SRF)(redline) 19","墨玉黑","在途- VDC->VSC(3天)",0,"","","","","",""
"-","-","-","LSGZG53L4KS108364","迈锐宝XL",219900,"全新迈锐宝XL 550T 锐智版(B-SRF)(redline) 19","闪电白","在途- VDC(101天)",0,"","","","","",""
"-","-","-","目前可CALL","迈锐宝XL",219900,"全新迈锐宝XL 550T 锐智版(B-SRF)(redline) 19","墨玉黑","- ",0,"","","","","",""
"-","-","-","目前可CALL","迈锐宝XL",219900,"全新迈锐宝XL 550T 锐智版(B-SRF)(redline) 19","墨玉黑","- ",0,"","","","","",""
"-","-","-","目前可CALL","迈锐宝XL",219900,"全新迈锐宝XL 550T 锐智版(B-SRF)(redline) 19","墨玉黑","- ",0,"","","","","",""
"-","-","-","目前可CALL","迈锐宝XL",219900,"全新迈锐宝XL 550T 锐智版(B-SRF)(redline) 19","墨玉黑","- ",0,"","","","","",""
"-","-","-","目前可CALL","迈锐宝XL",219900,"全新迈锐宝XL 550T 锐智版(B-SRF)(redline) 19","闪电白","- ",0,"","","","","",""
"-","-","-","目前可CALL","迈锐宝XL",219900,"全新迈锐宝XL 550T 锐智版(B-SRF)(redline) 19","闪电白","- ",0,"","","","","",""
"-","-","-","目前可CALL","迈锐宝XL",219900,"全新迈锐宝XL 550T 锐智版(B-SRF)(redline) 19","闪电白","- ",0,"","","","","",""
"-","-","-","目前可CALL","迈锐宝XL",219900,"全新迈锐宝XL 550T 锐智版(B-SRF)(redline) 19","闪电白","- ",0,"","","","","",""
"-","-","-","目前可CALL","迈锐宝XL",219900,"全新迈锐宝XL 550T 锐智版(B-SRF)(redline) 19","黯影灰","- ",0,"","","","","",""
"-","-","-","目前可CALL","迈锐宝XL",219900,"全新迈锐宝XL 550T 锐智版(B-SRF)(redline) 19","黯影灰","- ",0,"","","","","",""
"-","-","-","目前可CALL","迈锐宝XL",219900,"全新迈锐宝XL 550T 锐智版(B-SRF)(redline) 19","黯影灰","- ",0,"","","","","",""
"-","-","-","目前可CALL","迈锐宝XL",219900,"全新迈锐宝XL 550T 锐智版(B-SRF)(redline) 19","黯影灰","- ",0,"","","","","",""
"2019-08-23","2019-09-23","2020-01-17","LSGZG53L1KS088963","迈锐宝XL",204900,"全新迈锐宝XL 550T 锐联版(B-SRF)(redline) 19","风尚红","店内- 展厅",170,"2019/11/8 10:10","","","","",""
"2019-09-27","2019-12-31","2019-12-31","LSGKB5418LV036419","科鲁泽",114900,"科鲁泽 RS 330T自动 畅快版 20","闪电白","库房- 3号库",135,"","","","","",""
"2019-09-27","2019-12-31","2019-12-31","LSGKB5412LV037436","科鲁泽",114900,"科鲁泽 RS 330T自动 畅快版 20","闪电白","库房- 3号库",135,"","","","","",""
"2019-09-27","2020-01-01","2020-01-01","LSGKB5414LV035400","科鲁泽",114900,"科鲁泽 RS 330T自动 畅快版 20","闪电白","库房- 3号库",135,"","","","","",""
"2019-09-27","2020-01-01","2020-01-01","LSGKB5415LV036782","科鲁泽",114900,"科鲁泽 RS 330T自动 畅快版 20","闪电白","库房- 3号库",135,"","","","","",""
"2019-09-27","2019-12-31","2019-12-31","LSGKB541XLV036227","科鲁泽",114900,"科鲁泽 RS 330T自动 畅快版 20","闪电白","库房- 3号库",135,"","","","","",""
"2019-09-27","2020-01-01","2020-01-01","LSGKB5410LV037077","科鲁泽",114900,"科鲁泽 RS 330T自动 畅快版 20","闪电白","库房- 3号库",135,"","","","","",""
"2019-09-27","2019-12-31","2019-12-31","LSGKB5419LV037143","科鲁泽",114900,"科鲁泽 RS 330T自动 畅快版 20","闪电白","库房- 3号库",135,"","","","","",""
"2019-09-27","2019-12-31","2019-12-31","LSGKB5412LV036903","科鲁泽",114900,"科鲁泽 RS 330T自动 畅快版 20","闪电白","库房- 3号库",135,"","","","","",""
"2019-09-28","2020-01-01","2020-01-01","LSGKB5412LV037517","科鲁泽",114900,"科鲁泽 RS 330T自动 畅快版 20","闪电白","库房- 3号库",134,"","","","","",""
"2019-09-28","2019-12-31","2019-12-31","LSGKB5415LV037480","科鲁泽",114900,"科鲁泽 RS 330T自动 畅快版 20","闪电白","库房- 3号库",134,"","","","","",""
"2019-09-28","2019-12-31","2019-12-31","LSGKB541XLV037491","科鲁泽",114900,"科鲁泽 RS 330T自动 畅快版 20","闪电白","库房- 3号库",134,"","","","","",""
"2019-09-28","2019-12-26","2019-12-26","LSGKB5410LV037693","科鲁泽",114900,"科鲁泽 RS 330T自动 畅快版 20","闪电白","库房- 3号库",134,"","","","","",""
"2019-09-29","2019-12-26","2019-12-26","LSGKB5416LV038069","科鲁泽",114900,"科鲁泽 RS 330T自动 畅快版 20","闪电白","库房- 3号库",133,"","","","","",""
"2019-09-29","2019-12-26","2019-12-26","LSGKB5417LV038050","科鲁泽",114900,"科鲁泽 RS 330T自动 畅快版 20","闪电白","库房- 3号库",133,"","","","","",""
"2019-09-29","2019-12-27","2019-12-27","LSGKB5412LV038151","科鲁泽",114900,"科鲁泽 RS 330T自动 畅快版 20","闪电白","库房- 3号库",133,"","","","","",""
"2019-09-29","2019-12-26","2019-12-26","LSGKB5418LV037635","科鲁泽",114900,"科鲁泽 RS 330T自动 畅快版 20","闪电白","库房- 3号库",133,"","","","","",""
"2019-09-29","2019-12-26","2019-12-26","LSGKB5414LV038278","科鲁泽",114900,"科鲁泽 RS 330T自动 畅快版 20","闪电白","库房- 3号库",133,"","","","","",""
"2019-09-29","2019-12-25","2019-12-25","LSGKB5418LV038073","科鲁泽",114900,"科鲁泽 RS 330T自动 畅快版 20","闪电白","库房- 3号库",133,"","","","","",""
"2019-09-29","2019-12-25","2019-12-25","LSGKB5410LV037970","科鲁泽",114900,"科鲁泽 RS 330T自动 畅快版 20","闪电白","库房- 3号库",133,"","","","","",""
"2019-09-29","2019-12-31","2019-12-31","LSGKB541XLV037832","科鲁泽",114900,"科鲁泽 RS 330T自动 畅快版 20","闪电白","库房- 3号库",133,"","","","","",""
"2019-09-29","2019-12-31","2019-12-31","LSGKB541XLV037748","科鲁泽",114900,"科鲁泽 RS 330T自动 畅快版 20","闪电白","库房- 3号库",133,"","","","","",""
"2019-09-29","2019-12-31","2019-12-31","LSGKB5415LV038192","科鲁泽",114900,"科鲁泽 RS 330T自动 畅快版 20","闪电白","库房- 3号库",133,"","","","","",""
"2019-09-29","2019-12-31","2019-12-31","LSGKB5413LV037915","科鲁泽",114900,"科鲁泽 RS 330T自动 畅快版 20","闪电白","库房- 3号库",133,"","","","","",""
"2019-09-29","2019-12-31","2019-12-31","LSGKB5413LV037574","科鲁泽",114900,"科鲁泽 RS 330T自动 畅快版 20","闪电白","库房- 3号库",133,"","","","","",""
"2019-09-29","2020-01-01","2020-01-01","LSGKB5415LV037527","科鲁泽",114900,"科鲁泽 RS 330T自动 畅快版 20","闪电白","库房- 3号库",133,"","","","","",""
"2019-09-29","2019-12-28","2019-12-28","LSGKB5417LV038131","科鲁泽",114900,"科鲁泽 RS 330T自动 畅快版 20","闪电白","库房- 3号库",133,"","","","","",""
"2019-09-29","2019-12-28","2019-12-28","LSGKB5417LV037819","科鲁泽",114900,"科鲁泽 RS 330T自动 畅快版 20","闪电白","库房- 3号库",133,"","","","","",""
"2019-09-29","2019-12-31","2019-12-31","LSGKB5417LV038002","科鲁泽",114900,"科鲁泽 RS 330T自动 畅快版 20","闪电白","库房- 3号库",133,"","","","","",""
"2019-09-29","2019-12-28","2019-12-28","LSGKB5419LV037661","科鲁泽",114900,"科鲁泽 RS 330T自动 畅快版 20","闪电白","库房- 3号库",133,"","","","","",""
"2019-09-29","2019-12-28","2019-12-28","LSGKB5419LV037983","科鲁泽",114900,"科鲁泽 RS 330T自动 畅快版 20","闪电白","库房- 3号库",133,"","","","","",""
"2019-09-29","2019-12-28","2019-12-28","LSGKB5411LV038223","科鲁泽",114900,"科鲁泽 RS 330T自动 畅快版 20","闪电白","库房- 3号库",133,"","","","","",""
"2019-09-29","2019-12-28","2019-12-28","LSGKB5414LV037812","科鲁泽",114900,"科鲁泽 RS 330T自动 畅快版 20","闪电白","库房- 3号库",133,"","","","","",""
"2019-09-30","2019-12-28","2019-12-28","LSGKB5410LV038536","科鲁泽",114900,"科鲁泽 RS 330T自动 畅快版 20","闪电白","库房- 3号库",132,"","","","","",""
"2019-09-30","2019-12-28","2019-12-28","LSGKB5415LV038354","科鲁泽",114900,"科鲁泽 RS 330T自动 畅快版 20","闪电白","库房- 3号库",132,"","","","","",""
"2019-09-30","2019-12-28","2019-12-28","LSGKB5410LV038603","科鲁泽",114900,"科鲁泽 RS 330T自动 畅快版 20","闪电白","库房- 3号库",132,"","","","","",""
"2019-09-30","2019-12-28","2019-12-28","LSGKB5412LV038389","科鲁泽",114900,"科鲁泽 RS 330T自动 畅快版 20","闪电白","库房- 3号库",132,"","","","","",""
"2019-09-30","2019-12-28","2019-12-28","LSGKB5413LV038417","科鲁泽",114900,"科鲁泽 RS 330T自动 畅快版 20","闪电白","库房- 3号库",132,"","","","","",""
"2019-09-30","2019-12-31","2019-12-31","LSGKB5414LV038362","科鲁泽",114900,"科鲁泽 RS 330T自动 畅快版 20","闪电白","库房- 3号库",132,"","","","","",""
"2019-11-15","2019-12-26","2019-12-31","LSGKB5413LV060580","科鲁泽",114900,"科鲁泽 RS 330T自动 畅快版 20","闪电白","网点- 华阳远大籍田",86,"2019/12/31 15:16","","","","",""
"2019-11-15","2019-12-27","2019-12-28","LSGKB5417LV060758","科鲁泽",114900,"科鲁泽 RS 330T自动 畅快版 20","闪电白","网点- 华阳远大前程",86,"2019/12/28 15:36","","","","",""
"2019-12-29","2020-01-23","2020-01-23","LSGZG53L4KS124936","迈锐宝XL",204900,"全新迈锐宝XL 550T 锐联版(B-SRF)(redline) 19","闪电白","库房- 3号库",42,"","","","","2020-01-05 展厅 王海川：杨智才",""
"-","-","-","LSGZG53L9KS124804","迈锐宝XL",204900,"全新迈锐宝XL 550T 锐联版(B-SRF)(redline) 19","闪电白","在途- VSC(17天)",0,"","","","","",""
"-","-","-","LSGZG53L4KS121034","迈锐宝XL",204900,"全新迈锐宝XL 550T 锐联版(B-SRF)(redline) 19","黯影灰","在途- VSC(13天)",0,"","","","","",""
"-","-","-","无资源","迈锐宝XL",194900,"全新迈锐宝XL 550T 锐动版(B-SRF)(18)(redline) 19","黯影灰","- ",0,"","","","","【无资源】2019-12-23 08:58 梁波 郑超",""
"2019-06-02","2019-12-26","2020-01-01","LSGZG5394KS070493","迈锐宝XL",174900,"全新迈锐宝XL 535T 锐联版(B-SRF) 19","闪电白","库房- 3号库",252,"","","","","2019-12-15 展厅 王思钰：刘舒婷",""
"-","-","-","LSGZG5398KS122255","迈锐宝XL",174900,"全新迈锐宝XL 535T 锐联版(B-SRF) 19","闪电白","在途- VDC->VSC(3天)",0,"","","","","",""
"-","-","-","无资源","迈锐宝XL",164900,"全新迈锐宝XL 535T 锐动版(B-SRF)(Black) 19","墨玉黑","- ",0,"","","","","【无资源】2019-09-09 09:32 赵伟 张新",""
"-","-","-","无资源","迈锐宝XL",164900,"全新迈锐宝XL 535T 锐动版(B-SRF)(Black) 19","闪电白","- ",0,"","","","","【无资源】2020-01-05 10:27 赵川 范世平",""
"2019-06-26","2019-12-28","2019-12-28","LSGKB54A2KV379337","科鲁泽",109900,"科鲁泽 Redline 320T双离合 爽快版(GB6) 19","闪电白","库房- 3号库",228,"","","展厅：400 二网：200","","2019-12-23 展厅 张苗苗：胥锡雄",""
"-","-","-","无资源","科鲁泽",109900,"科鲁泽 Redline 320T双离合 爽快版(GB6) 19","闪电白","- ",0,"","","","","【无资源】2020-01-05 09:13 杜云龙 张新",""
"-","-","-","LSGKH8416KY066791","沃兰多",139900,"沃兰多 530T 自动劲享版(7Seat)(SRF)(GB6) 19.5","闪电白","在途- VDC(71天)",0,"","","","","",""
"-","-","-","LSGKH8413KY066568","沃兰多",139900,"沃兰多 530T 自动劲享版(7Seat)(SRF)(GB6) 19.5","闪电白","在途- VDC->VSC(14天)",0,"","","","","",""
"-","-","-","LSGKH841XKY067412","沃兰多",139900,"沃兰多 530T 自动劲享版(7Seat)(SRF)(GB6) 19.5","陨铁灰","在途- VDC(72天)",0,"","","","","",""
"-","-","-","LSGKH8410KY066172","沃兰多",139900,"沃兰多 530T 自动劲享版(7Seat)(SRF)(GB6) 19.5","陨铁灰","在途- VDC->VSC(12天)",0,"","","","","",""
"-","-","-","LSGKH8418KY065156","沃兰多",139900,"沃兰多 530T 自动劲享版(7Seat)(SRF)(GB6) 19.5","陨铁灰","在途- VSC(12天)",0,"","","","","",""
"2019-12-03","2020-01-16","2020-01-16","LSGXC83L5KV434757","探界者",225900,"探界者 550T 9速 四驱拓界版Base(Black)(RS&redline)(Liftgate)(GB6) 19.5","月光银","库房- 3号库",68,"","","","","",""
"-","-","-","LSGXC83L5KV436265","探界者",225900,"探界者 550T 9速 四驱拓界版Base(Black)(RS&redline)(Liftgate)(GB6) 19.5","闪电白","在途- VDC->VSC(5天)",0,"","","","","",""
"-","-","-","LSGXC83LXKV435872","探界者",225900,"探界者 550T 9速 四驱拓界版Base(Black)(RS&redline)(Liftgate)(GB6) 19.5","闪电白","在途- VDC->VSC(5天)",0,"","","","","",""
"-","-","-","LSGXC83L3KV432666","探界者",225900,"探界者 550T 9速 四驱拓界版Base(Black)(RS&redline)(Liftgate)(GB6) 19.5","闪电白","在途- VSC(13天)",0,"","","","","",""
"-","-","-","LSGXC83L0KV439882","探界者",225900,"探界者 550T 9速 四驱拓界版Base(Black)(RS&redline)(Liftgate)(GB6) 19.5","珍珠黑","在途- VDC(55天)",0,"","","","","",""
"-","-","-","LSGXC83L9KV440223","探界者",225900,"探界者 550T 9速 四驱拓界版Base(Black)(RS&redline)(Liftgate)(GB6) 19.5","珍珠黑","在途- VDC->VSC(5天)",0,"","","","","",""
"-","-","-","目前可CALL","探界者",225900,"探界者 550T 9速 四驱拓界版Base(Black)(RS&redline)(Liftgate)(GB6) 19.5","闪电白","- ",0,"","","","","",""
"2019-07-31","2019-12-31","2019-12-31","LSGKB54A6KV405308","科鲁泽",104900,"科鲁泽 Redline 320T双离合 欢快版(GB6)(SRF) 19","风尚红","库房- 3号库",193,"","","","","",""
"2019-11-26","2020-01-21","2020-01-21","LSGKH8419KY067207","沃兰多",149900,"沃兰多 Redline 530T 自动纵享版(7Seat)(PU&Bt)(GB6) 19.5","闪电白","库房- 3号库",75,"","","","","",""
"2019-11-26","2020-01-21","2020-01-21","LSGKH8410KY067290","沃兰多",149900,"沃兰多 Redline 530T 自动纵享版(7Seat)(PU&Bt)(GB6) 19.5","闪电白","库房- 3号库",75,"","","","","",""
"2019-12-06","2020-01-21","2020-01-21","LSGKH8410KY069010","沃兰多",149900,"沃兰多 Redline 530T 自动纵享版(7Seat)(PU&Bt)(GB6) 19.5","玄铁灰","库房- 3号库",65,"","","","","",""
"-","-","-","LSGKH8412KY069283","沃兰多",149900,"沃兰多 Redline 530T 自动纵享版(7Seat)(PU&Bt)(GB6) 19.5","闪电白","在途- VDC->VSC(13天)",0,"","","","","",""
"-","-","-","LSGKH8412KY070451","沃兰多",149900,"沃兰多 Redline 530T 自动纵享版(7Seat)(PU&Bt)(GB6) 19.5","闪电白","在途- VDC(55天)",0,"","","","","",""
"-","-","-","LSGKH8410KY069637","沃兰多",149900,"沃兰多 Redline 530T 自动纵享版(7Seat)(PU&Bt)(GB6) 19.5","闪电白","在途- VDC(52天)",0,"","","","","",""
"-","-","-","LSGKH8415KY070296","沃兰多",149900,"沃兰多 Redline 530T 自动纵享版(7Seat)(PU&Bt)(GB6) 19.5","闪电白","在途- VDC(52天)",0,"","","","","",""
"-","-","-","LSGKH8419KY070012","沃兰多",149900,"沃兰多 Redline 530T 自动纵享版(7Seat)(PU&Bt)(GB6) 19.5","闪电白","在途- VDC(55天)",0,"","","","","",""
"-","-","-","LSGKH8414KY067051","沃兰多",149900,"沃兰多 Redline 530T 自动纵享版(7Seat)(PU&Bt)(GB6) 19.5","陨铁灰","在途- VSC(12天)",0,"","","","","",""
"-","-","-","LSGKH8411KY069453","沃兰多",149900,"沃兰多 Redline 530T 自动纵享版(7Seat)(PU&Bt)(GB6) 19.5","陨铁灰","在途- VDC->VSC(14天)",0,"","","","","",""
"-","-","-","LSGKH8418KY070597","沃兰多",149900,"沃兰多 Redline 530T 自动纵享版(7Seat)(PU&Bt)(GB6) 19.5","陨铁灰","在途- VDC(51天)",0,"","","","","",""
"-","-","-","LSGKH8414KY070404","沃兰多",149900,"沃兰多 Redline 530T 自动纵享版(7Seat)(PU&Bt)(GB6) 19.5","陨铁灰","在途- VDC(51天)",0,"","","","","",""
"-","-","-","LSGKH8418KY070096","沃兰多",149900,"沃兰多 Redline 530T 自动纵享版(7Seat)(PU&Bt)(GB6) 19.5","陨铁灰","在途- VDC(51天)",0,"","","","","",""
"-","-","-","下周可CALL","沃兰多",149900,"沃兰多 Redline 530T 自动纵享版(7Seat)(PU&Bt)(GB6) 19.5","陨铁灰","- ",0,"","","","","",""
"-","-","-","下周可CALL","沃兰多",149900,"沃兰多 Redline 530T 自动纵享版(7Seat)(PU&Bt)(GB6) 19.5","陨铁灰","- ",0,"","","","","",""
"2019-10-12","2019-11-14","2019-11-14","LSGXC8358KV423575","探界者",189900,"探界者 535T 驰界版(Black)(SRF)(leather)(GB6) 19.5","玄铁灰","库房- 3号库",120,"","","","","",""
"-","-","-","LSGXC8354KV439076","探界者",189900,"探界者 535T 驰界版(Black)(SRF)(leather)(GB6) 19.5","闪电白","在途- VDC->VSC(13天)",0,"","","","","",""
"-","-","-","LSGXC8352KV439951","探界者",189900,"探界者 535T 驰界版(Black)(SRF)(leather)(GB6) 19.5","闪电白","在途- VDC(55天)",0,"","","","","",""
"-","-","-","LSGXC8355KV439958","探界者",189900,"探界者 535T 驰界版(Black)(SRF)(leather)(GB6) 19.5","闪电白","在途- VDC(55天)",0,"","","","","",""
"-","-","-","LSGXC8350KV439995","探界者",189900,"探界者 535T 驰界版(Black)(SRF)(leather)(GB6) 19.5","闪电白","在途- VDC(55天)",0,"","","","","",""
"-","-","-","LSGXC8350KV439835","探界者",189900,"探界者 535T 驰界版(Black)(SRF)(leather)(GB6) 19.5","闪电白","在途- VDC(55天)",0,"","","","","",""
"-","-","-","LSGXC8350KV439950","探界者",189900,"探界者 535T 驰界版(Black)(SRF)(leather)(GB6) 19.5","闪电白","在途- VDC->VSC(4天)",0,"","","","","",""
"-","-","-","LSGXC8350KV434859","探界者",189900,"探界者 535T 驰界版(Black)(SRF)(leather)(GB6) 19.5","闪电白","在途- VSC(13天)",0,"","","","","",""
"-","-","-","LSGXC8350KV439026","探界者",189900,"探界者 535T 驰界版(Black)(SRF)(leather)(GB6) 19.5","闪电白","在途- VDC->VSC(13天)",0,"","","","","",""
"-","-","-","LSGXC835XKV436960","探界者",189900,"探界者 535T 驰界版(Black)(SRF)(leather)(GB6) 19.5","闪电白","在途- VDC->VSC(14天)",0,"","","","","",""
"-","-","-","LSGXC8354KV436954","探界者",189900,"探界者 535T 驰界版(Black)(SRF)(leather)(GB6) 19.5","闪电白","在途- VDC->VSC(14天)",0,"","","","","",""
"-","-","-","LSGXC8357KV440643","探界者",189900,"探界者 535T 驰界版(Black)(SRF)(leather)(GB6) 19.5","珍珠黑","在途- VDC->VSC(5天)",0,"","","","","",""
"2019-08-21","2019-12-28","2019-12-28","LSGEN54AXLD071070","科沃兹",96900,"新科沃兹 Redline 325T自动欣尚版(BT)(GB6) 20","闪电白","库房- 3号库",172,"","","","","2019-12-22 展厅 秦雪：郑继锐",""
"-","-","-","LSGEN54A6LD137940","科沃兹",96900,"新科沃兹 Redline 325T自动欣尚版(BT)(GB6) 20","闪电白","在途- VDC(29天)",0,"","","","","2020-01-17 展厅 秦雪：卢春梅",""
"-","-","-","LSGEN54A7LD139308","科沃兹",96900,"新科沃兹 Redline 325T自动欣尚版(BT)(GB6) 20","闪电白","在途- VDC(29天)",0,"","","","","",""
"-","-","-","LSGEN54A4LD139542","科沃兹",96900,"新科沃兹 Redline 325T自动欣尚版(BT)(GB6) 20","闪电白","在途- VDC(29天)",0,"","","","","",""
"-","-","-","LSGEN54A9LD129878","科沃兹",96900,"新科沃兹 Redline 325T自动欣尚版(BT)(GB6) 20","风尚红","在途- VDC(40天)",0,"","","","","",""
"-","-","-","LSGEN54A3LD135210","科沃兹",96900,"新科沃兹 Redline 325T自动欣尚版(BT)(GB6) 20","陨铁灰","在途- VDC(31天)",0,"","","","","",""
"-","-","-","LSGEN54A2LD135022","科沃兹",96900,"新科沃兹 Redline 325T自动欣尚版(BT)(GB6) 20","陨铁灰","在途- VDC(31天)",0,"","","","","",""
"-","-","-","LSGEN54A1LD134301","科沃兹",96900,"新科沃兹 Redline 325T自动欣尚版(BT)(GB6) 20","陨铁灰","在途- VDC(31天)",0,"","","","","",""
"2019-05-20","2019-06-12","2019-06-12","LSGXC8358KV348473","探界者",199900,"探界者 535T 驭界版(Black)(Liftgate)(GB6) 19.5","闪电白","库房- 3号库",265,"2019/9/5 9:58","","展厅：400 二网：200","","",""
"2019-11-01","2020-01-16","2020-01-16","LSGXC8356KV427155","探界者",199900,"探界者 535T 驭界版(Black)(Liftgate)(GB6) 19.5","玄铁灰","库房- 3号库",100,"","","","","",""
"2019-11-01","2020-01-16","2020-01-16","LSGXC835XKV427241","探界者",199900,"探界者 535T 驭界版(Black)(Liftgate)(GB6) 19.5","玄铁灰","库房- 3号库",100,"","","","","",""
"-","-","-","LSGXC835XKV436683","探界者",199900,"探界者 535T 驭界版(Black)(Liftgate)(GB6) 19.5","闪电白","在途- VDC(61天)",0,"","","","","",""
"-","-","-","LSGXC8352KV434412","探界者",199900,"探界者 535T 驭界版(Black)(Liftgate)(GB6) 19.5","闪电白","在途- VDC->VSC(14天)",0,"","","","","",""
"-","-","-","LSGXC8354KV434251","探界者",199900,"探界者 535T 驭界版(Black)(Liftgate)(GB6) 19.5","闪电白","在途- VDC->VSC(14天)",0,"","","","","",""
"-","-","-","LSGXC8358KV437654","探界者",199900,"探界者 535T 驭界版(Black)(Liftgate)(GB6) 19.5","闪电白","在途- VDC->VSC(5天)",0,"","","","","",""
"-","-","-","LSGXC8358KV437525","探界者",199900,"探界者 535T 驭界版(Black)(Liftgate)(GB6) 19.5","闪电白","在途- VDC->VSC(4天)",0,"","","","","",""
"-","-","-","LSGXC8351KV437379","探界者",199900,"探界者 535T 驭界版(Black)(Liftgate)(GB6) 19.5","闪电白","在途- VDC->VSC(4天)",0,"","","","","",""
"-","-","-","LSGXC8357KV437340","探界者",199900,"探界者 535T 驭界版(Black)(Liftgate)(GB6) 19.5","闪电白","在途- VDC->VSC(4天)",0,"","","","","",""
"-","-","-","LSGXC8356KV437538","探界者",199900,"探界者 535T 驭界版(Black)(Liftgate)(GB6) 19.5","闪电白","在途- VDC->VSC(4天)",0,"","","","","",""
"-","-","-","LSGXC8351KV438905","探界者",199900,"探界者 535T 驭界版(Black)(Liftgate)(GB6) 19.5","珍珠黑","在途- VDC->VSC(5天)",0,"","","","","",""
"-","-","-","LSGXC8356KV439337","探界者",199900,"探界者 535T 驭界版(Black)(Liftgate)(GB6) 19.5","珍珠黑","在途- VDC->VSC(3天)",0,"","","","","",""
"-","-","-","LSGXC8353KV439246","探界者",199900,"探界者 535T 驭界版(Black)(Liftgate)(GB6) 19.5","珍珠黑","在途- VDC->VSC(4天)",0,"","","","","",""
"-","-","-","LSGXC8355KV438941","探界者",199900,"探界者 535T 驭界版(Black)(Liftgate)(GB6) 19.5","珍珠黑","在途- VDC->VSC(5天)",0,"","","","","",""
"-","-","-","LSGXC8355KV439281","探界者",199900,"探界者 535T 驭界版(Black)(Liftgate)(GB6) 19.5","珍珠黑","在途- VDC->VSC(3天)",0,"","","","","",""
"2019-06-15","2019-08-26","2020-01-09","LSGEM83A1LG004135","创酷",127900,"新一代创酷 325T 自动趣版(BLACK)(Redline)(LED) 20","风尚红","店内- 门口",239,"2019/10/23 17:21","","展厅：200 二网：100","","",""
"2019-06-15","2019-08-27","2019-08-27","LSGEM83AXLG004005","创酷",127900,"新一代创酷 325T 自动趣版(BLACK)(Redline)(LED) 20","陨铁灰","库房- 3号库",239,"2019/10/23 17:21","2019/10/30 0:00","展厅：200 二网：100","","",""
"2019-06-21","2020-01-03","2020-01-03","LSGEM83A6LG004924","创酷",127900,"新一代创酷 325T 自动趣版(BLACK)(Redline)(LED) 20","闪电白","库房- 3号库",233,"","","","","",""
"2019-06-21","2020-01-03","2020-01-03","LSGEM83A4LG004727","创酷",127900,"新一代创酷 325T 自动趣版(BLACK)(Redline)(LED) 20","闪电白","库房- 3号库",233,"","","","","",""
"-","-","-","无资源","创酷",127900,"新一代创酷 325T 自动趣版(BLACK)(Redline)(LED) 20","珍珠黑","- ",0,"","","","","【无资源】2020-01-03 15:52 瞿玉兰 张苗苗",""
"2019-11-26","2019-12-10","2020-01-15","LSGEN54A5LD118294","科沃兹",99900,"新科沃兹 Redline 325T自动欣耀版(maple sugar)(GB6) 20","闪电白","店内- 门口",75,"2019/12/16 13:40","","","","",""
"-","-","-","LSGEN54A9LD131288","科沃兹",99900,"新科沃兹 Redline 325T自动欣耀版(maple sugar)(GB6) 20","闪电白","在途- VDC(38天)",0,"","","","","",""
"-","-","-","LSGEN54A1LD131415","科沃兹",99900,"新科沃兹 Redline 325T自动欣耀版(maple sugar)(GB6) 20","闪电白","在途- VDC(38天)",0,"","","","","",""
"-","-","-","LSGEN54A3LD131450","科沃兹",99900,"新科沃兹 Redline 325T自动欣耀版(maple sugar)(GB6) 20","闪电白","在途- VDC(38天)",0,"","","","","",""
"-","-","-","LSGXC83L9KV433773","探界者",245900,"探界者 550T 9速 四驱捍界版(Black)(RS&redline)(GB6) 19.5","珍珠黑","在途- VDC->VSC(3天)",0,"","","","","",""
"2019-07-26","2019-08-26","2019-08-26","LSGEM8299LG008831","创酷",127900,"新一代创酷 335T CVT潮版(Black)(Redline) 20","风尚红","库房- 3号库",198,"2019/10/23 17:21","2019/10/30 0:00","展厅：300 二网：100","","",""
"2019-07-26","2019-08-26","2019-08-26","LSGEM8291LG008788","创酷",127900,"新一代创酷 335T CVT潮版(Black)(Redline) 20","闪电白","库房- 3号库",198,"2019/10/23 17:21","2019/10/30 0:00","展厅：300 二网：100","","",""
"2019-07-26","2019-08-26","2019-08-26","LSGEM8299LG008764","创酷",127900,"新一代创酷 335T CVT潮版(Black)(Redline) 20","珍珠黑","库房- 3号库",198,"2019/10/23 17:21","","展厅：300 二网：100","","",""
"-","-","-","目前可CALL","创酷",127900,"新一代创酷 335T CVT潮版(Black)(Redline) 20","闪电白","- ",0,"","","","","",""
"-","-","-","目前可CALL","创酷",127900,"新一代创酷 335T CVT潮版(Black)(Redline) 20","陨铁灰","- ",0,"","","","","",""
"2019-07-29","2020-01-01","2020-01-01","LSGEN54A7LD057563","科沃兹",89900,"新科沃兹 325T自动欣悦版(BT)(GB6) 20","闪电白","库房- 3号库",195,"","","","","",""
"2019-07-29","2020-01-01","2020-01-01","LSGEN54A5LD057805","科沃兹",89900,"新科沃兹 325T自动欣悦版(BT)(GB6) 20","闪电白","库房- 3号库",195,"","","","","",""
"2019-11-18","2019-12-10","2020-01-12","LSGEN54A6LD116554","科沃兹",89900,"新科沃兹 325T自动欣悦版(BT)(GB6) 20","陨铁灰","店内- 门口",83,"","","","","",""
"2019-12-04","2020-01-03","2020-01-03","LSGEN54A8LD121111","科沃兹",89900,"新科沃兹 325T自动欣悦版(BT)(GB6) 20","闪电白","库房- 3号库",67,"","","","","",""
"-","-","-","LSGEN54A8LD142329","科沃兹",89900,"新科沃兹 325T自动欣悦版(BT)(GB6) 20","闪电白","在途- VDC(25天)",0,"","","","","",""
"-","-","-","LSGEN54A7LD143309","科沃兹",89900,"新科沃兹 325T自动欣悦版(BT)(GB6) 20","闪电白","在途- VDC(25天)",0,"","","","","",""
"-","-","-","LSGEN54A5LD145656","科沃兹",89900,"新科沃兹 325T自动欣悦版(BT)(GB6) 20","陨铁灰","在途- VDC(20天)",0,"","","","","",""
"-","-","-","LSGEN54A0LD145922","科沃兹",89900,"新科沃兹 325T自动欣悦版(BT)(GB6) 20","陨铁灰","在途- VDC(20天)",0,"","","","","",""
"-","-","-","LSGEN54A2LD145811","科沃兹",89900,"新科沃兹 325T自动欣悦版(BT)(GB6) 20","陨铁灰","在途- VDC(20天)",0,"","","","","",""
"-","-","-","LSGEN54A1LD145539","科沃兹",89900,"新科沃兹 325T自动欣悦版(BT)(GB6) 20","陨铁灰","在途- VDC(19天)",0,"","","","","",""
"-","-","-","目前可CALL","科沃兹",89900,"新科沃兹 325T自动欣悦版(BT)(GB6) 20","闪电白","- ",0,"","","","","",""
"-","-","-","目前可CALL","科沃兹",89900,"新科沃兹 325T自动欣悦版(BT)(GB6) 20","闪电白","- ",0,"","","","","",""
"-","-","-","目前可CALL","科沃兹",89900,"新科沃兹 325T自动欣悦版(BT)(GB6) 20","闪电白","- ",0,"","","","","",""
"-","-","-","目前可CALL","科沃兹",89900,"新科沃兹 325T自动欣悦版(BT)(GB6) 20","闪电白","- ",0,"","","","","",""
"-","-","-","目前可CALL","科沃兹",89900,"新科沃兹 325T自动欣悦版(BT)(GB6) 20","闪电白","- ",0,"","","","","",""
"-","-","-","目前可CALL","科沃兹",89900,"新科沃兹 325T自动欣悦版(BT)(GB6) 20","闪电白","- ",0,"","","","","",""
"-","-","-","目前可CALL","科沃兹",89900,"新科沃兹 325T自动欣悦版(BT)(GB6) 20","闪电白","- ",0,"","","","","",""
"-","-","-","目前可CALL","科沃兹",89900,"新科沃兹 325T自动欣悦版(BT)(GB6) 20","闪电白","- ",0,"","","","","",""
"2019-09-27","2019-12-31","2019-12-31","LSGKB5419LV036560","科鲁泽",114900,"科鲁泽 RS 330T自动 畅快版 20","闪电白","库房- 3号库",135,"","","","","2020-01-16 展厅 张苗苗：李彦",""
"2019-09-27","2019-12-31","2019-12-31","LSGKB5411LV036665","科鲁泽",114900,"科鲁泽 RS 330T自动 畅快版 20","闪电白","库房- 3号库",135,"","","","","",""
"2019-09-27","2019-12-31","2019-12-31","LSGKB5412LV036853","科鲁泽",114900,"科鲁泽 RS 330T自动 畅快版 20","闪电白","库房- 3号库",135,"","","","","",""
"2019-09-27","2019-12-31","2019-12-31","LSGKB5418LV036663","科鲁泽",114900,"科鲁泽 RS 330T自动 畅快版 20","闪电白","库房- 3号库",135,"","","","","",""
"2019-09-27","2019-12-31","2019-12-31","LSGKB5414LV036451","科鲁泽",114900,"科鲁泽 RS 330T自动 畅快版 20","闪电白","库房- 3号库",135,"","","","","",""
"2019-12-02","2019-12-23","2020-01-03","LSGKB5419LV064679","科鲁泽",114900,"科鲁泽 RS 330T自动 畅快版 20","风尚红","店内- 展厅",69,"","","","","",""
"-","-","-","LSGKB541XLV086285","科鲁泽",114900,"科鲁泽 RS 330T自动 畅快版 20","闪电白","在途- VDC(24天)",0,"","","","","",""
"-","-","-","LSGKB5418LV086298","科鲁泽",114900,"科鲁泽 RS 330T自动 畅快版 20","闪电白","在途- VDC(24天)",0,"","","","","",""
"-","-","-","LSGKB5411LV086305","科鲁泽",114900,"科鲁泽 RS 330T自动 畅快版 20","闪电白","在途- VDC(24天)",0,"","","","","",""
"-","-","-","LSGKB5418LV086267","科鲁泽",114900,"科鲁泽 RS 330T自动 畅快版 20","闪电白","在途- VDC(24天)",0,"","","","","",""
"-","-","-","LSGKB5414LV086282","科鲁泽",114900,"科鲁泽 RS 330T自动 畅快版 20","闪电白","在途- VDC(24天)",0,"","","","","",""
"-","-","-","LSGKB5414LV086301","科鲁泽",114900,"科鲁泽 RS 330T自动 畅快版 20","闪电白","在途- VDC(24天)",0,"","","","","",""
"-","-","-","LSGKB541XLV086318","科鲁泽",114900,"科鲁泽 RS 330T自动 畅快版 20","闪电白","在途- VDC(24天)",0,"","","","","",""
"-","-","-","LSGKB5411LV086286","科鲁泽",114900,"科鲁泽 RS 330T自动 畅快版 20","闪电白","在途- VDC(24天)",0,"","","","","",""
"-","-","-","LSGKB5413LV086323","科鲁泽",114900,"科鲁泽 RS 330T自动 畅快版 20","闪电白","在途- VDC(24天)",0,"","","","","",""
"-","-","-","LSGKB541XLV084763","科鲁泽",114900,"科鲁泽 RS 330T自动 畅快版 20","风尚红","在途- VDC(24天)",0,"","","","","",""
"-","-","-","LSGKB5414LV086069","科鲁泽",114900,"科鲁泽 RS 330T自动 畅快版 20","风尚红","在途- VDC(24天)",0,"","","","","",""
"-","-","-","LSGKB5412LV087348","科鲁泽",114900,"科鲁泽 RS 330T自动 畅快版 20","风尚红","在途- VDC->VSC(5天)",0,"","","","","",""
"-","-","-","LSGKB5419LV087735","科鲁泽",114900,"科鲁泽 RS 330T自动 畅快版 20","风尚红","在途- VDC->VSC(5天)",0,"","","","","",""
"-","-","-","LSGKB5416LV087689","科鲁泽",114900,"科鲁泽 RS 330T自动 畅快版 20","风尚红","在途- VDC->VSC(5天)",0,"","","","","",""
"-","-","-","LSGKB5416LV087790","科鲁泽",114900,"科鲁泽 RS 330T自动 畅快版 20","风尚红","在途- VDC(22天)",0,"","","","","",""
"-","-","-","LSGKB5415LV087795","科鲁泽",114900,"科鲁泽 RS 330T自动 畅快版 20","风尚红","在途- VDC(22天)",0,"","","","","",""
"-","-","-","LSGKB5411LV087812","科鲁泽",114900,"科鲁泽 RS 330T自动 畅快版 20","风尚红","在途- VDC(22天)",0,"","","","","",""
"-","-","-","LSGKB5418LV087726","科鲁泽",114900,"科鲁泽 RS 330T自动 畅快版 20","风尚红","在途- VDC(22天)",0,"","","","","",""
"-","-","-","LSGKB5415LV087800","科鲁泽",114900,"科鲁泽 RS 330T自动 畅快版 20","风尚红","在途- VDC(22天)",0,"","","","","",""
"-","-","-","LSGKB5412LV086099","科鲁泽",114900,"科鲁泽 RS 330T自动 畅快版 20","风尚红","在途- VDC(24天)",0,"","","","","",""
"-","-","-","LSGKB5418LV086317","科鲁泽",114900,"科鲁泽 RS 330T自动 畅快版 20","风尚红","在途- VDC(24天)",0,"","","","","",""
"-","-","-","LSGKB5416LV086431","科鲁泽",114900,"科鲁泽 RS 330T自动 畅快版 20","风尚红","在途- VDC(24天)",0,"","","","","",""
"-","-","-","LSGKB5416LV086137","科鲁泽",114900,"科鲁泽 RS 330T自动 畅快版 20","风尚红","在途- VDC(24天)",0,"","","","","",""
"-","-","-","LSGKB5413LV078996","科鲁泽",114900,"科鲁泽 RS 330T自动 畅快版 20","陨铁灰","在途- VSC(10天)",0,"","","","","2019-12-29 展厅 王思钰：唐磊",""
"-","-","-","LSGKB5419LV092286","科鲁泽",114900,"科鲁泽 RS 330T自动 畅快版 20","陨铁灰","在途- VDC(18天)",0,"","","","","",""
"-","-","-","LSGKB5412LV092467","科鲁泽",114900,"科鲁泽 RS 330T自动 畅快版 20","陨铁灰","在途- VDC(18天)",0,"","","","","",""
"-","-","-","LSGKB5411LV092640","科鲁泽",114900,"科鲁泽 RS 330T自动 畅快版 20","陨铁灰","在途- VDC(18天)",0,"","","","","",""
"-","-","-","LSGKB5417LV078838","科鲁泽",114900,"科鲁泽 RS 330T自动 畅快版 20","陨铁灰","在途- VSC(12天)",0,"","","","","",""
"-","-","-","LSGKB5410LV092645","科鲁泽",114900,"科鲁泽 RS 330T自动 畅快版 20","陨铁灰","在途- VDC(17天)",0,"","","","","",""
"2019-08-26","2019-12-28","2019-12-28","LSGKB54A5LV015110","科鲁泽",109900,"科鲁泽 Redline 320T双离合 爽快版 20","陨铁灰","库房- 3号库",167,"","","","","",""
"2019-08-26","2019-12-28","2019-12-28","LSGKB54A7LV015559","科鲁泽",109900,"科鲁泽 Redline 320T双离合 爽快版 20","陨铁灰","库房- 3号库",167,"","","","","",""
"2019-08-26","2019-12-25","2019-12-25","LSGKB54A1LV015170","科鲁泽",109900,"科鲁泽 Redline 320T双离合 爽快版 20","陨铁灰","库房- 3号库",167,"","","","","",""
"2019-08-27","2019-12-28","2019-12-28","LSGKB54A0LV015743","科鲁泽",109900,"科鲁泽 Redline 320T双离合 爽快版 20","闪电白","库房- 3号库",166,"","","","","",""
"2019-08-28","2019-12-28","2019-12-28","LSGKB54A5LV016709","科鲁泽",109900,"科鲁泽 Redline 320T双离合 爽快版 20","闪电白","库房- 3号库",165,"","","","","",""
"2019-08-28","2019-12-28","2019-12-28","LSGKB54A5LV017567","科鲁泽",109900,"科鲁泽 Redline 320T双离合 爽快版 20","闪电白","库房- 3号库",165,"","","","","",""
"2019-08-28","2019-12-31","2019-12-31","LSGKB54A1LV016769","科鲁泽",109900,"科鲁泽 Redline 320T双离合 爽快版 20","闪电白","库房- 3号库",165,"","","","","",""
"2019-08-28","2019-12-27","2019-12-27","LSGKB54A2LV016909","科鲁泽",109900,"科鲁泽 Redline 320T双离合 爽快版 20","闪电白","库房- 3号库",165,"","","","","",""
"2019-08-28","2019-12-25","2019-12-25","LSGKB54A9LV016874","科鲁泽",109900,"科鲁泽 Redline 320T双离合 爽快版 20","闪电白","库房- 3号库",165,"","","","","",""
"2019-08-29","2019-12-28","2019-12-28","LSGKB54A5LV017679","科鲁泽",109900,"科鲁泽 Redline 320T双离合 爽快版 20","闪电白","库房- 3号库",164,"","","","","",""
"2019-08-29","2019-12-27","2019-12-27","LSGKB54A7LV017909","科鲁泽",109900,"科鲁泽 Redline 320T双离合 爽快版 20","闪电白","库房- 3号库",164,"","","","","",""
"2019-08-29","2019-12-28","2019-12-28","LSGKB54A8LV017501","科鲁泽",109900,"科鲁泽 Redline 320T双离合 爽快版 20","闪电白","库房- 3号库",164,"","","","","",""
"2019-08-30","2019-12-27","2020-01-15","LSGKB54A4LV018161","科鲁泽",109900,"科鲁泽 Redline 320T双离合 爽快版 20","闪电白","网点- 华阳远大籍田",163,"","","","","",""
"2019-08-30","2019-12-31","2019-12-31","LSGKB54A7LV018221","科鲁泽",109900,"科鲁泽 Redline 320T双离合 爽快版 20","闪电白","库房- 3号库",163,"","","","","",""
"2019-09-10","2019-10-13","2019-11-18","LSGTN849XLY011829","创界",149900,"创界 435T Redline CVT锋锐版(Info3.5) 20","陨铁灰","网点- 大邑金明",152,"2019/11/21 13:33","","","","",""
"2019-09-12","2019-10-21","2019-11-05","LSGTN8494LY012216","创界",149900,"创界 435T Redline CVT锋锐版(Info3.5) 20","闪电白","网点- 郫县鸿合",150,"2019/11/5 16:10","","","","",""
"2019-09-16","2019-11-20","2020-01-16","LSGTN8495LY012483","创界",149900,"创界 435T Redline CVT锋锐版(Info3.5) 20","风尚红","店内- 门口",146,"2019/12/2 14:29","","","","",""
"2019-09-17","2019-11-20","2019-11-20","LSGTN8498LY012476","创界",149900,"创界 435T Redline CVT锋锐版(Info3.5) 20","陨铁灰","库房- 3号库",145,"","","","","",""
"2019-09-17","2019-11-20","2019-11-20","LSGTN8498LY012672","创界",149900,"创界 435T Redline CVT锋锐版(Info3.5) 20","陨铁灰","库房- 3号库",145,"","","","","",""
"2019-09-19","2019-11-20","2020-01-09","LSGTN8494LY013074","创界",149900,"创界 435T Redline CVT锋锐版(Info3.5) 20","珍珠黑","店内- 门口",143,"","","","","",""
"-","-","-","LSGTN8490LY018854","创界",149900,"创界 435T Redline CVT锋锐版(Info3.5) 20","闪电白","在途- VDC(102天)",0,"","","","","",""
"2019-08-26","2019-12-25","2019-12-25","LSGKB54A5LV015298","科鲁泽",109900,"科鲁泽 Redline 320T双离合 爽快版 20","闪电白","库房- 3号库",167,"","","","","",""
"2019-08-27","2019-12-25","2019-12-25","LSGKB54A9LV015868","科鲁泽",109900,"科鲁泽 Redline 320T双离合 爽快版 20","闪电白","库房- 3号库",166,"","","","","",""
"2019-08-27","2020-01-01","2020-01-01","LSGKB54A1LV014701","科鲁泽",109900,"科鲁泽 Redline 320T双离合 爽快版 20","闪电白","库房- 3号库",166,"","","","","",""
"2019-09-26","2019-12-31","2019-12-31","LSGKB54A5LV014880","科鲁泽",109900,"科鲁泽 Redline 320T双离合 爽快版 20","风尚红","库房- 3号库",136,"","","","","",""
"-","-","-","LSGKB54A9LV094653","科鲁泽",109900,"科鲁泽 Redline 320T双离合 爽快版 20","闪电白","在途- VDC->VSC(3天)",0,"","","","","",""
"-","-","-","LSGKB54A7LV091699","科鲁泽",109900,"科鲁泽 Redline 320T双离合 爽快版 20","风尚红","在途- VDC(18天)",0,"","","","","",""
"-","-","-","LSGKB54A2LV092842","科鲁泽",109900,"科鲁泽 Redline 320T双离合 爽快版 20","风尚红","在途- VDC->VSC(3天)",0,"","","","","",""
"-","-","-","LSGKB54A6LV092763","科鲁泽",109900,"科鲁泽 Redline 320T双离合 爽快版 20","风尚红","在途- VDC(17天)",0,"","","","","",""
"-","-","-","LSGKB54A9LV090036","科鲁泽",109900,"科鲁泽 Redline 320T双离合 爽快版 20","风尚红","在途- VDC(20天)",0,"","","","","",""
"-","-","-","LSGKB54A9LV089808","科鲁泽",109900,"科鲁泽 Redline 320T双离合 爽快版 20","风尚红","在途- VDC(20天)",0,"","","","","",""
"2019-06-21","2020-01-01","2020-01-01","LSGEM82A6LG005119","创酷",109900,"新一代创酷 325T 自动劲版(BLACK) 20","闪电白","库房- 3号库",233,"","","","","",""
"2019-06-21","2020-01-01","2020-01-01","LSGEM82A7LG004674","创酷",109900,"新一代创酷 325T 自动劲版(BLACK) 20","闪电白","库房- 3号库",233,"","","","","",""
"2019-06-23","2020-01-01","2020-01-06","LSGEM82A1LG004685","创酷",109900,"新一代创酷 325T 自动劲版(BLACK) 20","闪电白","店内- 展厅",231,"","","","","",""
"2019-06-24","2019-12-28","2019-12-28","LSGEM82A1LG005447","创酷",109900,"新一代创酷 325T 自动劲版(BLACK) 20","珍珠黑","库房- 3号库",230,"","","","","",""
"2019-09-11","2019-10-13","2020-01-09","LSGTN8395LY011903","创界",159900,"创界 435T Redline CVT驰锐版(Black)(B&SRF)(Info3.5) 20","陨铁灰","网点- 彭州辰威",151,"2019/11/5 16:10","","","","",""
"2019-09-17","2019-11-20","2019-11-20","LSGTN8395LY012811","创界",159900,"创界 435T Redline CVT驰锐版(Black)(B&SRF)(Info3.5) 20","风尚红","库房- 3号库",145,"","","","","",""
"2019-09-17","2019-11-20","2019-11-20","LSGTN8398LY012592","创界",159900,"创界 435T Redline CVT驰锐版(Black)(B&SRF)(Info3.5) 20","风尚红","库房- 3号库",145,"","","","","",""
"2019-09-17","2019-11-27","2019-11-27","LSGTN8391LY012725","创界",159900,"创界 435T Redline CVT驰锐版(Black)(B&SRF)(Info3.5) 20","风尚红","库房- 3号库",145,"","","","","",""
"2019-09-19","2019-11-20","2019-12-22","LSGTN8399LY013010","创界",159900,"创界 435T Redline CVT驰锐版(Black)(B&SRF)(Info3.5) 20","闪电白","店内- 展厅",143,"","","","","",""
"2019-09-19","2019-11-20","2019-11-20","LSGTN8392LY012331","创界",159900,"创界 435T Redline CVT驰锐版(Black)(B&SRF)(Info3.5) 20","陨铁灰","库房- 3号库",143,"","","","","",""
"2019-09-19","2019-11-25","2019-11-25","LSGTN8390LY012988","创界",159900,"创界 435T Redline CVT驰锐版(Black)(B&SRF)(Info3.5) 20","陨铁灰","库房- 3号库",143,"","","","","",""
"2019-09-19","2019-11-25","2019-11-25","LSGTN8396LY013059","创界",159900,"创界 435T Redline CVT驰锐版(Black)(B&SRF)(Info3.5) 20","珍珠黑","库房- 3号库",143,"","","","","",""
"2019-09-19","2019-11-25","2019-11-25","LSGTN8399LY013265","创界",159900,"创界 435T Redline CVT驰锐版(Black)(B&SRF)(Info3.5) 20","珍珠黑","库房- 3号库",143,"","","","","",""
"2019-09-20","2019-10-16","2020-01-04","LSGKB5412LV031054","科鲁泽",119900,"科鲁泽 RS 330T自动 痛快版 20","闪电白","店内- 门口",142,"2019/12/10 13:01","2019/10/30 0:00","展厅：400 二网：200","","",""
"-","-","-","LSGKB5415LV077249","科鲁泽",119900,"科鲁泽 RS 330T自动 痛快版 20","闪电白","在途- VDC->VSC(14天)",0,"","","","","",""
"-","-","-","LSGKB5418LV077830","科鲁泽",119900,"科鲁泽 RS 330T自动 痛快版 20","闪电白","在途- VDC->VSC(13天)",0,"","","","","",""
"-","-","-","LSGKB5410LV078096","科鲁泽",119900,"科鲁泽 RS 330T自动 痛快版 20","风尚红","在途- VDC->VSC(14天)",0,"","","","","",""
"-","-","-","LSGKB5417LV081089","科鲁泽",119900,"科鲁泽 RS 330T自动 痛快版 20","陨铁灰","在途- VDC->VSC(14天)",0,"","","","","",""
"-","-","-","LSGKB5410LV080656","科鲁泽",119900,"科鲁泽 RS 330T自动 痛快版 20","陨铁灰","在途- VDC->VSC(15天)",0,"","","","","",""
"-","-","-","LSGKB5417LV076961","科鲁泽",119900,"科鲁泽 RS 330T自动 痛快版 20","陨铁灰","在途- VSC(13天)",0,"","","","","",""
"-","-","-","LSGKB5412LV085728","科鲁泽",119900,"科鲁泽 RS 330T自动 痛快版 20","星夜蓝","在途- VDC->VSC(14天)",0,"","","","","",""
"2019-09-10","2019-10-13","2019-11-17","LSGTN8399LY011709","创界",159900,"创界 435T Redline CVT驰锐版(Black)(B&SRF)(Info3.5) 20","风尚红","网点- 内江晟隆",152,"2019/11/21 13:33","","","","",""
"2019-09-16","2019-11-25","2020-01-01","LSGTN8398LY012527","创界",159900,"创界 435T Redline CVT驰锐版(Black)(B&SRF)(Info3.5) 20","风尚红","库房- 3号库",146,"","","","","",""
"2019-09-17","2019-11-20","2020-01-09","LSGTN8393LY012628","创界",159900,"创界 435T Redline CVT驰锐版(Black)(B&SRF)(Info3.5) 20","风尚红","店内- 展厅",145,"2019/11/21 14:00","","","","",""
"2019-09-20","2019-11-18","2019-11-18","LSGTN8393LY013472","创界",159900,"创界 435T Redline CVT驰锐版(Black)(B&SRF)(Info3.5) 20","闪电白","库房- 3号库",142,"","","","","",""
"2019-10-09","2020-01-14","2020-01-14","LSGTN8392LY015469","创界",179900,"创界 435T RS 9AT悍锐版(黑顶) 20","风尚红","库房- 3号库",123,"","","","","",""
"-","-","-","目前可CALL","创酷",109900,"新一代创酷 325T 自动劲版(BLACK) 20","闪电白","- ",0,"","","","","",""
"-","-","-","目前可CALL","创酷",125900,"新一代创酷 325T LT AT(BLACK) 20","珍珠黑","- ",0,"","","","","",""
"-","-","-","目前可CALL","创酷",125900,"新一代创酷 325T LT AT(BLACK) 20","珍珠黑","- ",0,"","","","","",""
"-","-","-","目前可CALL","科鲁泽",89900,"科鲁泽 320T手动 欣快版 20","风尚红","- ",0,"","","","","",""